{
    "train_loss": [
        1.7351718572828505,
        1.3312321047888862,
        1.1553306365542941,
        1.044010866906908,
        0.9581524816301134,
        0.8999959794574314,
        0.8403051901181539,
        0.799352375348409,
        0.7555183152940538,
        0.7158784540441301,
        0.6882537320666843,
        0.6516330764664544,
        0.6262495252291361,
        0.5958165020518833,
        0.5612815217865837,
        0.537399417760637,
        0.5168714808940887,
        0.4924135491318173,
        0.47019332503742645,
        0.4463181065109041,
        0.42323405016263327,
        0.4069267232020696,
        0.3918329989115397,
        0.3757722479449378,
        0.357999491959148,
        0.3423047522279951,
        0.3289479640139474,
        0.23878782390488518,
        0.21580343217584821,
        0.20059285704427296,
        0.19605074864493477,
        0.18487643533812628,
        0.17185551664564344,
        0.17136850650840335,
        0.16336336580779817,
        0.15386789614227084,
        0.15186501056816842,
        0.14924824002517595,
        0.11298191873944467,
        0.10363363630043136,
        0.09928152411745654,
        0.0947897760954168,
        0.08966848516033755,
        0.0875837491835157,
        0.0765838260586477,
        0.07451929108136231,
        0.07044678417113093,
        0.07003141449987889,
        0.06635474727087551,
        0.0663481173714002
    ],
    "train_acc": [
        34.455555555555556,
        51.43555555555555,
        58.93555555555555,
        63.32222222222222,
        66.94222222222223,
        68.98222222222222,
        70.90666666666667,
        72.60888888888888,
        74.01777777777778,
        75.57555555555555,
        76.61333333333333,
        77.82444444444444,
        78.58444444444444,
        79.8,
        80.87777777777778,
        81.7688888888889,
        82.25111111111111,
        83.18666666666667,
        83.88666666666667,
        84.78222222222222,
        85.46888888888888,
        86.11333333333333,
        86.64666666666666,
        87.16666666666667,
        87.87777777777778,
        88.4,
        88.91555555555556,
        91.78444444444445,
        92.77333333333333,
        93.18888888888888,
        93.46888888888888,
        93.80666666666667,
        94.24888888888889,
        94.30222222222223,
        94.50222222222222,
        94.88444444444444,
        94.87555555555555,
        95.14222222222222,
        96.33333333333333,
        96.54888888888888,
        96.90444444444445,
        96.94222222222223,
        97.18,
        97.24888888888889,
        97.6511111111111,
        97.69333333333333,
        97.87777777777778,
        97.85111111111111,
        98.04,
        98.0
    ],
    "val_loss": [
        1.3268500747680665,
        1.0922542001724242,
        1.0363007034301759,
        0.9033130928039551,
        0.8846689199447632,
        0.826273247718811,
        0.8184446769714355,
        0.7719850620269776,
        0.7462203426361084,
        0.7394198263645172,
        0.6936601071357728,
        0.7204205095291137,
        0.6726866399288177,
        0.6798403752088547,
        0.6806721737623215,
        0.7040780734062195,
        0.6893714989185333,
        0.6783074562549591,
        0.6551141055107117,
        0.6757084873199463,
        0.6640891569554805,
        0.6819611065149307,
        0.7145607663869857,
        0.702118121767044,
        0.676701425075531,
        0.6767568148612976,
        0.7025716889619827,
        0.6762689286708832,
        0.7330600034117699,
        0.7167921496391296,
        0.7326281343013048,
        0.7290498167425394,
        0.7766739260077477,
        0.7561797173142433,
        0.7900940736591816,
        0.8360207814216614,
        0.8313391911625863,
        0.8223967100381852,
        0.8550756599813699,
        0.8258308543920517,
        0.8337599873319268,
        0.8337418475925923,
        0.8569748219043016,
        0.8743269437909126,
        0.8949111024044454,
        0.8737254122771323,
        0.8807388889849186,
        0.8980940102294087,
        0.9114031096711754,
        0.9089038766980171
    ],
    "val_acc": [
        50.84,
        60.94,
        63.9,
        68.16,
        68.64,
        71.0,
        71.44,
        72.98,
        74.18,
        74.06,
        76.62,
        75.14,
        76.74,
        77.04,
        76.9,
        76.04,
        76.86,
        78.46,
        78.18,
        77.96,
        78.9,
        78.14,
        78.32,
        78.0,
        78.28,
        78.78,
        78.8,
        80.34,
        79.76,
        80.24,
        79.52,
        80.48,
        80.22,
        80.22,
        79.42,
        79.26,
        78.3,
        79.28,
        79.82,
        79.86,
        79.54,
        79.64,
        79.76,
        79.48,
        80.24,
        80.12,
        80.38,
        80.04,
        79.98,
        80.3
    ],
    "learning_rates": [
        0.001,
        0.001,
        0.001,
        0.001,
        0.001,
        0.001,
        0.001,
        0.001,
        0.001,
        0.001,
        0.001,
        0.001,
        0.001,
        0.001,
        0.001,
        0.001,
        0.001,
        0.001,
        0.001,
        0.001,
        0.001,
        0.001,
        0.001,
        0.001,
        0.001,
        0.001,
        0.0005,
        0.0005,
        0.0005,
        0.0005,
        0.0005,
        0.0005,
        0.0005,
        0.0005,
        0.0005,
        0.0005,
        0.0005,
        0.00025,
        0.00025,
        0.00025,
        0.00025,
        0.00025,
        0.00025,
        0.000125,
        0.000125,
        0.000125,
        0.000125,
        0.000125,
        0.000125,
        6.25e-05
    ]
}