{
    "train_loss": [
        2.3178992570241292,
        2.309651389058431,
        2.3095784180535213,
        2.3096215384589303,
        2.3095885377671985,
        2.3092926527235242,
        2.309161242760552,
        2.3093848405626085,
        2.3099235399458142,
        2.3100557990603976,
        2.3095532921261257,
        2.306480052142673,
        2.306404861280653,
        2.3060093789842395,
        2.3063327025519476,
        2.306067799843682,
        2.306059585232205,
        2.304471960618761,
        2.304172976642185,
        2.3040303780025906,
        2.3047404691908095,
        2.304172093878852,
        2.304402778625488,
        2.3037324030982123,
        2.30356579852634,
        2.303572976175944,
        2.3036399036831328,
        2.303586798307631,
        2.3037145259433323,
        2.3030265768263076
    ],
    "train_acc": [
        9.973333333333333,
        9.904444444444444,
        9.935555555555556,
        9.928888888888888,
        10.135555555555555,
        10.155555555555555,
        10.151111111111112,
        9.733333333333333,
        9.931111111111111,
        9.906666666666666,
        10.12888888888889,
        9.942222222222222,
        9.98,
        9.884444444444444,
        9.762222222222222,
        10.022222222222222,
        9.955555555555556,
        9.922222222222222,
        10.062222222222223,
        10.204444444444444,
        9.79111111111111,
        9.766666666666667,
        9.92,
        10.035555555555556,
        9.906666666666666,
        10.04,
        10.008888888888889,
        10.013333333333334,
        9.806666666666667,
        10.026666666666667
    ],
    "val_loss": [
        2.3124497985839843,
        2.3085591468811035,
        2.308146123123169,
        2.304697322845459,
        2.3055863788604736,
        2.3079890762329103,
        2.3060577167510985,
        2.3096328063964844,
        2.3073901290893555,
        2.312739069366455,
        2.3112914581298827,
        2.309038190460205,
        2.304588142776489,
        2.305765594482422,
        2.3055792037963867,
        2.3035579444885252,
        2.303125266647339,
        2.3070108688354494,
        2.3052793781280516,
        2.3045167961120607,
        2.303670890045166,
        2.30369814453125,
        2.3046442008972168,
        2.3027451725006105,
        2.3029726360321043,
        2.3048629058837893,
        2.3034972766876223,
        2.303753509902954,
        2.303230128097534,
        2.3036285152435303
    ],
    "val_acc": [
        10.02,
        10.0,
        10.0,
        9.42,
        10.64,
        10.08,
        10.28,
        9.42,
        10.24,
        9.42,
        9.42,
        9.42,
        10.08,
        10.02,
        9.76,
        10.0,
        10.08,
        9.42,
        9.42,
        10.08,
        10.14,
        10.24,
        9.42,
        10.08,
        10.28,
        9.42,
        9.42,
        9.76,
        9.42,
        9.42
    ],
    "learning_rates": [
        0.1,
        0.1,
        0.1,
        0.1,
        0.1,
        0.1,
        0.1,
        0.1,
        0.1,
        0.1,
        0.05,
        0.05,
        0.05,
        0.05,
        0.05,
        0.05,
        0.025,
        0.025,
        0.025,
        0.025,
        0.025,
        0.025,
        0.0125,
        0.0125,
        0.0125,
        0.0125,
        0.0125,
        0.0125,
        0.00625,
        0.00625
    ]
}