{
    "train_loss": [
        4.002177894428776,
        3.753251591338062,
        3.5622396512500103,
        3.435996631162638,
        3.3556428169654633,
        3.303179540761415,
        3.2374094551601633,
        3.1929842998660436,
        3.1487796632471325,
        3.1254027060444325,
        3.0688074632930795,
        3.0285150595054517,
        3.007113719343223,
        2.9607474345983498,
        2.912983190757853,
        2.8907322794910004,
        2.8422879740818763,
        2.8204068192768523,
        2.801640768066573,
        2.752794557865265,
        2.7195217544811725,
        2.694695704387259,
        2.7229088662946173,
        2.6519788513769758,
        2.625784003681564,
        2.5995783679551843,
        2.5616905584154077,
        2.5658244079199584,
        2.55718344606661,
        2.555893478632648,
        2.5246426304775937,
        2.5132393422417922,
        2.4675009197616116,
        2.4436736072165446,
        2.4452969254244206,
        2.4293796797296174,
        2.4150733485956497,
        2.392658601923602,
        2.3651166664074172,
        2.374830043031482,
        2.358172165590696,
        2.3349400507598768,
        2.3272735004332494,
        2.3003649539037414,
        2.327064857471341,
        2.2953776663438155,
        2.273828465014009,
        2.258635855376648,
        2.2419455261110923,
        2.21587673565949
    ],
    "train_acc": [
        19.85442782046098,
        23.675697533360292,
        26.202992317023856,
        27.638495754144763,
        28.24504650222402,
        29.296401132228063,
        30.651031136271733,
        31.70238576627578,
        31.54063890012131,
        32.81439547108775,
        33.6433481601294,
        33.380509502628385,
        33.94662353416903,
        34.128588758592805,
        35.442782046097854,
        36.312171451678125,
        36.514355034371206,
        36.59522846744844,
        37.040032349373234,
        36.67610190052568,
        38.21269712899313,
        38.57662757784068,
        37.50505458956733,
        39.58754549130611,
        39.344925192074406,
        40.37606146380914,
        39.97169429842297,
        40.598463404771536,
        40.598463404771536,
        40.5175899716943,
        41.2252325111201,
        41.89243833400728,
        42.57986251516377,
        43.085321471896485,
        42.57986251516377,
        42.70117266477962,
        43.14597654670441,
        43.3683784876668,
        43.67165386170643,
        44.035584310553986,
        43.14597654670441,
        44.29842296805499,
        44.439951475940155,
        44.90497371613425,
        44.7836635665184,
        45.0262838657501,
        45.08693894055803,
        45.28912252325111,
        45.45086938940558,
        46.58309745248686
    ],
    "val_loss": [
        3.8148192653378237,
        3.793614959253848,
        3.681481844013177,
        3.508718747537113,
        3.4327817304620467,
        3.251798482195845,
        3.2567718219988553,
        3.247100257757798,
        3.1573313416786566,
        3.2270882500028146,
        3.1227841406192596,
        3.1456639083843787,
        3.157351986875812,
        3.0452382518249808,
        3.0465517495442365,
        3.0337126463362316,
        3.015513251128706,
        2.8621343987659342,
        2.8399868439702156,
        2.89487357278472,
        2.8126452834282105,
        2.9428158483458953,
        2.6991706282189747,
        2.793086640464449,
        2.680844876662041,
        2.8582365304520985,
        2.7459455433401088,
        2.7031029781091562,
        2.681657189015046,
        2.707465748185093,
        2.714100753798068,
        2.8260784762576945,
        2.6539027045652706,
        2.7105182391925924,
        2.7259041435510207,
        2.715693213117933,
        2.5256991247528964,
        2.535449175580034,
        2.544287396287455,
        2.516362632073245,
        2.4724037219019768,
        2.567623153184224,
        2.5305072051807516,
        2.5478341727002154,
        2.4955882762820973,
        2.437093217685385,
        2.4226758176261938,
        2.524832477847349,
        2.3814824292960677,
        2.501675535897607
    ],
    "val_acc": [
        25.66747572815534,
        23.54368932038835,
        28.216019417475728,
        28.70145631067961,
        29.91504854368932,
        33.070388349514566,
        31.856796116504853,
        33.31310679611651,
        33.980582524271846,
        33.55582524271845,
        34.890776699029125,
        35.31553398058252,
        34.28398058252427,
        37.25728155339806,
        35.922330097087375,
        37.317961165048544,
        35.98300970873787,
        39.25970873786408,
        38.77427184466019,
        38.28883495145631,
        39.44174757281554,
        36.22572815533981,
        40.351941747572816,
        40.53398058252427,
        40.8373786407767,
        39.25970873786408,
        39.74514563106796,
        41.383495145631066,
        39.74514563106796,
        43.26456310679612,
        42.47572815533981,
        39.62378640776699,
        41.74757281553398,
        44.1747572815534,
        43.567961165048544,
        43.62864077669903,
        44.842233009708735,
        44.11407766990291,
        43.75,
        45.02427184466019,
        44.842233009708735,
        43.75,
        45.38834951456311,
        44.23543689320388,
        44.1747572815534,
        46.116504854368934,
        45.99514563106796,
        44.66019417475728,
        46.41990291262136,
        46.116504854368934
    ],
    "learning_rates": [
        0.001,
        0.001,
        0.001,
        0.001,
        0.001,
        0.001,
        0.001,
        0.001,
        0.001,
        0.001,
        0.001,
        0.001,
        0.001,
        0.001,
        0.001,
        0.001,
        0.001,
        0.001,
        0.001,
        0.001,
        0.001,
        0.001,
        0.001,
        0.001,
        0.001,
        0.001,
        0.001,
        0.001,
        0.001,
        0.001,
        0.001,
        0.001,
        0.001,
        0.001,
        0.001,
        0.001,
        0.001,
        0.001,
        0.001,
        0.001,
        0.001,
        0.001,
        0.001,
        0.001,
        0.001,
        0.001,
        0.001,
        0.001,
        0.001,
        0.001
    ]
}