{
    "train_loss": [
        1.6938653878106011,
        1.3792051834106445,
        1.174324638917711,
        1.0290509016884697,
        0.9173441913922628,
        0.8318772845586141,
        0.7623632741716173,
        0.708134884844886,
        0.6630238616307577,
        0.6227609960079193,
        0.5804703485223982,
        0.5366803684764438,
        0.5120530347983042,
        0.4823182443618774,
        0.45800710853470694,
        0.4254807153065999,
        0.40526771503024633,
        0.3795686318953832,
        0.37304835758739047,
        0.3508576017618179,
        0.3391056630002128,
        0.31619561506642235,
        0.22133841518825956,
        0.18918744243284066,
        0.17340083550082314,
        0.15672255465189616,
        0.15181214033630158,
        0.1407723740561141,
        0.14046598409712316,
        0.13424876568449867
    ],
    "train_acc": [
        36.922222222222224,
        50.95111111111111,
        59.568888888888885,
        65.25333333333333,
        69.37333333333333,
        72.35333333333334,
        74.76666666666667,
        76.3488888888889,
        78.31111111111112,
        79.50222222222222,
        80.92222222222222,
        82.3488888888889,
        83.14666666666666,
        83.97777777777777,
        84.99333333333334,
        85.94888888888889,
        86.59777777777778,
        87.37333333333333,
        87.68444444444444,
        88.46222222222222,
        88.79333333333334,
        89.65333333333334,
        92.86444444444444,
        93.83333333333333,
        94.08888888888889,
        94.82,
        95.01555555555555,
        95.39111111111112,
        95.38,
        95.68888888888888
    ],
    "val_loss": [
        1.3779973768234253,
        1.1365066413879394,
        0.9414011937141419,
        0.8375181428909302,
        0.8189264141082764,
        0.7437351697921752,
        0.7363066494941711,
        0.7320928068161011,
        0.6899868888854981,
        0.6958179581165314,
        0.6408659040689468,
        0.6797462312221527,
        0.6382452412724495,
        0.6851892837524414,
        0.6520677003860473,
        0.6416255445003509,
        0.7020433763504028,
        0.6674668641567231,
        0.7414012444019318,
        0.7538347270250321,
        0.6880476896047593,
        0.7059175811052323,
        0.7309944400250912,
        0.7309799922466278,
        0.7813460783004761,
        0.7948812402248383,
        0.8141416111707688,
        0.8527230363845825,
        0.8683685920238495,
        0.8738362864971161
    ],
    "val_acc": [
        50.46,
        61.44,
        68.0,
        72.1,
        71.52,
        73.6,
        74.62,
        75.38,
        76.4,
        76.18,
        78.12,
        77.34,
        78.42,
        77.24,
        78.76,
        79.34,
        77.92,
        79.22,
        77.26,
        77.96,
        78.86,
        79.18,
        80.22,
        80.92,
        79.84,
        80.86,
        81.1,
        80.16,
        80.8,
        80.84
    ],
    "learning_rates": [
        0.01,
        0.01,
        0.01,
        0.01,
        0.01,
        0.01,
        0.01,
        0.01,
        0.01,
        0.01,
        0.01,
        0.01,
        0.01,
        0.01,
        0.01,
        0.01,
        0.01,
        0.01,
        0.01,
        0.01,
        0.01,
        0.005,
        0.005,
        0.005,
        0.005,
        0.005,
        0.005,
        0.005,
        0.005,
        0.005
    ]
}