{
    "train_loss": [
        1.7351718572828505,
        1.3312321047888862,
        1.1553306365542941,
        1.044010866906908,
        0.9581524816301134,
        0.8999959794574314,
        0.8403051901181539,
        0.799352375348409,
        0.7555183152940538,
        0.7158784540441301,
        0.6882537320666843,
        0.6516330764664544,
        0.6262495252291361,
        0.5958165020518833,
        0.5612815217865837,
        0.537399417760637,
        0.5168714808940887,
        0.4924135491318173,
        0.47019332503742645,
        0.4463181065109041,
        0.42323405016263327,
        0.4069267232020696,
        0.3918329989115397,
        0.3757722479449378,
        0.357999491959148,
        0.3423047522279951,
        0.3289479640139474,
        0.23878782390488518,
        0.21580343217584821,
        0.20059285704427296
    ],
    "train_acc": [
        34.455555555555556,
        51.43555555555555,
        58.93555555555555,
        63.32222222222222,
        66.94222222222223,
        68.98222222222222,
        70.90666666666667,
        72.60888888888888,
        74.01777777777778,
        75.57555555555555,
        76.61333333333333,
        77.82444444444444,
        78.58444444444444,
        79.8,
        80.87777777777778,
        81.7688888888889,
        82.25111111111111,
        83.18666666666667,
        83.88666666666667,
        84.78222222222222,
        85.46888888888888,
        86.11333333333333,
        86.64666666666666,
        87.16666666666667,
        87.87777777777778,
        88.4,
        88.91555555555556,
        91.78444444444445,
        92.77333333333333,
        93.18888888888888
    ],
    "val_loss": [
        1.3268500747680665,
        1.0922542001724242,
        1.0363007034301759,
        0.9033130928039551,
        0.8846689199447632,
        0.826273247718811,
        0.8184446769714355,
        0.7719850620269776,
        0.7462203426361084,
        0.7394198263645172,
        0.6936601071357728,
        0.7204205095291137,
        0.6726866399288177,
        0.6798403752088547,
        0.6806721737623215,
        0.7040780734062195,
        0.6893714989185333,
        0.6783074562549591,
        0.6551141055107117,
        0.6757084873199463,
        0.6640891569554805,
        0.6819611065149307,
        0.7145607663869857,
        0.702118121767044,
        0.676701425075531,
        0.6767568148612976,
        0.7025716889619827,
        0.6762689286708832,
        0.7330600034117699,
        0.7167921496391296
    ],
    "val_acc": [
        50.84,
        60.94,
        63.9,
        68.16,
        68.64,
        71.0,
        71.44,
        72.98,
        74.18,
        74.06,
        76.62,
        75.14,
        76.74,
        77.04,
        76.9,
        76.04,
        76.86,
        78.46,
        78.18,
        77.96,
        78.9,
        78.14,
        78.32,
        78.0,
        78.28,
        78.78,
        78.8,
        80.34,
        79.76,
        80.24
    ],
    "learning_rates": [
        0.001,
        0.001,
        0.001,
        0.001,
        0.001,
        0.001,
        0.001,
        0.001,
        0.001,
        0.001,
        0.001,
        0.001,
        0.001,
        0.001,
        0.001,
        0.001,
        0.001,
        0.001,
        0.001,
        0.001,
        0.001,
        0.001,
        0.001,
        0.001,
        0.001,
        0.001,
        0.0005,
        0.0005,
        0.0005,
        0.0005
    ]
}